<?xml version="1.0" encoding="UTF-8" standalone="yes"?>
<addon id="plugin.video.xstream"
    name="xStream"
    version="3.4.0"
    provider-name="xStream-Team">
 <requires>
   <import addon="xbmc.python"                 version="2.14.0"/>
   <import addon="repository.xstream"          version="1.1.1" />
   <import addon="script.module.urlresolver"   version="3.0.0"/>
   <import addon="script.module.metahandler"   version="1.0.0"/>
   <import addon="script.module.mechanize"     version="0.2.6"/>
 </requires>
 <extension point="xbmc.python.pluginsource" library="default.py">
   <provides>video</provides>
 </extension>
 <extension point="xbmc.addon.metadata">
   <summary lang="de">Watch xStream!</summary>
   <description lang="de">Mit diesem Addon kannst du auf alle angebotenen Streams verschiedenster deutschen Quellen zugreifen.[CR]Website: https://xstream-kodi.github.io[CR]Support: http://xstream-addon.square7.ch</description>
   <disclaimer lang="de">Die von diesem Addon dargestellten Inhalte werden von den Erstellern des Addons weder gehostet oder verbreitet, noch stehen die Ersteller in irgendeiner Beziehung zu den Content-Anbietern.</disclaimer>
   <summary lang="en">Watch xStream!</summary>
   <description lang="en">With this addon you can watch all the streams from various german sources.[CR]Website: https://xstream-kodi.github.io[CR]Support: http://xstream-addon.square7.ch</description>
   <disclaimer lang="en">The creators of this addon do not host or distribute any of the content displayed by the addon nor do they have any affiliation with the content providers.</disclaimer>
   <forum>http://lastship.square7.ch/forum/forumdisplay.php?fid=15 | http://xstream-addon.square7.ch/</forum>
   <website>https://xstream-kodi.github.io</website>
   <source>https://github.com/lastship/plugin.video.xstream | http://xstream-addon.square7.ch/</source>
   <license>GNU GPLv3</license>
   <platform>all</platform>
   <news>Big THX to all contributors!
   For more information check out the commit history at GitHub.

    xStream 3.4.0
    ================================================================================

    - Add and Update animes-stream24_tv
    - Fix Movietown BLAZINGFAST Problem 
    - [Streamit] Fix Thumbnail & Genre usw
    - hdfilme.tv fix hoster 
    - Create Cinenator 
    - Create dokustream_org
    - Create NetzKino 
    - Fix search and fix single hoster and remove unnecessary code 
    - Fix DDL.me
    - fix [tata.to]
   </news>
   <assets>
     <icon>icon.png</icon>
     <fanart>fanart.jpg</fanart>
     <screenshot>resources/art/screenshot-01.png</screenshot>
     <screenshot>resources/art/screenshot-02.png</screenshot>
     <screenshot>resources/art/screenshot-03.png</screenshot>
     <screenshot>resources/art/screenshot-04.png</screenshot>
     <screenshot>resources/art/screenshot-05.png</screenshot>
   </assets>
 </extension>
</addon>
